MXPRLF,F,4064770902,1448398.45,406,14042021,,PAGONOM6QFEB
6508495616,2942.31,PAGONOM6QFEB,MAYDA DOLORES REY ESTRADA
6513030101,3464.92,PAGONOM6QFEB,SAN JUANA NATTALY TORRES LEZA
6521687694,2942.31,PAGONOM6QFEB,LAURENCIO IRRAESTRO SALAZAR
6511281169,2725.55,PAGONOM6QFEB,KIMBERLY SHARIN MIRSHA JUAREZ LUNA
6473878944,711.05,PAGONOM6QFEB,CARLOS ENRIQUE DOMINGUEZ SEGURA
6515454846,2725.55,PAGONOM6QFEB,KARLA RUTH ALEJANDRE RUIZ
6489385934,2942.31,PAGONOM6QFEB,JULIO CESAR GALEANA DE LA CRUZ
6506154868,2942.31,PAGONOM6QFEB,ADRIANA GOMEZ RODRIGUEZ
6516730475,2942.31,PAGONOM6QFEB,NANCY CITLALI ESLAVA DE LA CRUZ
6373264954,5026.88,PAGONOM6QFEB,JAVIER CAMACHO CHINO
6373452666,3744.68,PAGONOM6QFEB,LUZ EDITH MAR MENDEZ
6373447393,3481.71,PAGONOM6QFEB,VERONICA PANIAGUA REYES
6373263931,6173.48,PAGONOM6QFEB,CARLOS HUMBERTO AKE PECH
6373358350,3938.17,PAGONOM6QFEB,ANGELICA MARGARITA LEAL VILLEGAS
6373333734,1633.2,PAGONOM6QFEB,ARACELI JUSTO CAYETANO
6455994800,425.07,PAGONOM6QFEB,OMAR TORRES PENALOZA
6373340937,14003.98,PAGONOM6QFEB,ENRIQUE SOLIS SALINAS
6257706053,14711.3,PAGONOM6QFEB,SERGIO JOSE MANUEL MALDONADO JUAREZ
6373333247,14003.98,PAGONOM6QFEB,LEONARDO ANSELMO LOPEZ
6373991689,17938.25,PAGONOM6QFEB,RAUL ANTONIO LOPEZ LOPEZ
6385041168,12156.42,PAGONOM6QFEB,GLAFIRA MARTINEZ GONZALEZ
6435159359,11917.29,PAGONOM6QFEB,ROSA ISCELA HERNANDEZ DOMINGUEZ
4059919167,14003.98,PAGONOM6QFEB,ANTONIO DE JESUS ESPINOZA SALINAS
6447903711,4500.41,PAGONOM6QFEB,MARIBEL REYES GOMEZ
6457286866,6883.93,PAGONOM6QFEB,ALBERTO CRUZ DIAZ
6497788384,9670.95,PAGONOM6QFEB,JAIME HERIBERTO RODRIGUEZ MURILLO
6373273740,3400.19,PAGONOM6QFEB,MARIA SILVIA MORALES ALMARAZ
6373333668,3442.93,PAGONOM6QFEB,JUAN JOSE CRUZ CHAN
6373383481,3263.02,PAGONOM6QFEB,NALLELY ROXANA LUNA AGUILAR
6374004680,4521.5,PAGONOM6QFEB,MARTHA GUADALUPE MENDEZ COLLANTES
6510867653,2942.31,PAGONOM6QFEB,MARISOL PEREZ BARCELO
6514348023,2942.31,PAGONOM6QFEB,OBED GODOY MENDOZA
6493602043,1565.13,PAGONOM6QFEB,LUIS RICARDO CASAS GAONA
6493948651,2942.31,PAGONOM6QFEB,NANCY SOCORRO CEPEDA VELEZ
6487506275,2942.31,PAGONOM6QFEB,JONATHAN JERUSALEM ESPINOSA DURAN
6504036331,1135.79,PAGONOM6QFEB,DIEGO ARMANDO UZCANGA ORTEGA
6509576802,2942.31,PAGONOM6QFEB,CAROLINA JIMENEZ PINEDA
6420704128,14396.71,PAGONOM6QFEB,JOSE MARTIN CHAVARRIA HORTAL
6432121063,2230.28,PAGONOM6QFEB,JENRRY DE LA CRUZ HERNANDEZ
6452732690,3666.02,PAGONOM6QFEB,ASHANTY DE LOS ANGELES MEDINA JIMEN
6495680286,2568.85,PAGONOM6QFEB,JULIANA DEL CARMEN DE LA CRUZ MENDE
6495680328,4917.21,PAGONOM6QFEB,LILIANA CORREA VERA
6461303830,2937.3,PAGONOM6QFEB,OLIVIA TINAJERO RIVERA
6464889298,1520.86,PAGONOM6QFEB,SONIA ALEJANDRA MOTA BURCIAGA
6497711899,4140.93,PAGONOM6QFEB,JESUS DANIEL GOVEA ORONA
6471441067,2942.31,PAGONOM6QFEB,MARIA REYNA RAMIREZ LANDA
6500360800,2108.33,PAGONOM6QFEB,JOSE FELICIANO ALVAREZ CORTES
6449061757,2942.31,PAGONOM6QFEB,ALEJANDRA GABRIELA VILLEGAS NAVA
6506513972,2725.55,PAGONOM6QFEB,DULCE ANGELICA GARCIA PALMA
6495461463,1938.4,PAGONOM6QFEB,MARIA DEL SOCORRO TORRES FACIO
6281389058,8389.6,PAGONOM6QFEB,JOSE AGUSTIN PENUELA MARQUEZ
6434561779,4572.82,PAGONOM6QFEB,FERNANDO REBOLLEDO LOPEZ
6452730330,1970.92,PAGONOM6QFEB,MARIA GUADALUPE CAMACHO CERVANTES
6373378283,4292.47,PAGONOM6QFEB,LEONARDO RODRIGUEZ SUAREZ
6480658560,1672.68,PAGONOM6QFEB,ALBERTO IVAN GARCIA REYES
6502469344,2942.31,PAGONOM6QFEB,ROCIO RIOS RUIZ
6509923160,2942.31,PAGONOM6QFEB,MONTZERRAT EZTEFANY RAMOS HERNANDEZ
6373988057,3666.02,PAGONOM6QFEB,JAVIER ROMAN SALGADO
6491811778,3666.1,PAGONOM6QFEB,ALEJANDRA ENRIQUETA VELAZQUEZ GARCI
6373307332,538.79,PAGONOM6QFEB,LOURDES CECILIA ORTIZ CARO
6373307308,6815.32,PAGONOM6QFEB,BEATRIZ ADRIANA CANO MORENO
6502903342,425.07,PAGONOM6QFEB,HUGO ALBERTO RAMIREZ RIVERA
6484169499,419.44,PAGONOM6QFEB,MARIA DE JESUS FLORES DIAZ
6491759498,3448.82,PAGONOM6QFEB,KARELY LOAIZA DELGADO
6504091179,4521.5,PAGONOM6QFEB,URIEL MORALES GAMERO
6373341232,2942.31,PAGONOM6QFEB,BLANCA JUDITH HERNANDEZ MEZA
6515987464,2942.31,PAGONOM6QFEB,CESAR EDUARDO ONTIVEROS ALVARADO
6493110443,6488.04,PAGONOM6QFEB,KARINA ESCAMILLA SANDOVAL
6493110575,3666.02,PAGONOM6QFEB,MONICA LIZZETTE SANCHEZ CALDERON
6501697762,2000.34,PAGONOM6QFEB,KARLA JULIETA HERNANDEZ ARREDONDO
6334776799,6992.68,PAGONOM6QFEB,JULIO ALVARADO MUNOZ
6373378317,4521.5,PAGONOM6QFEB,PERLA JAZMIN MARTINEZ FRIAS
6373378291,1509.12,PAGONOM6QFEB,MARTHA SUSANA SAYAGO SALAZAR
6449271117,887.56,PAGONOM6QFEB,BEATRIZ REYES RODRIGUEZ
6480603830,2942.31,PAGONOM6QFEB,MARIA LUISA SEGOVIANO SALGADO
6504122321,2942.31,PAGONOM6QFEB,PABLO FRANCISCO FERNANDEZ ESPINOSA
6453150298,6455.69,PAGONOM6QFEB,JORGE ALBERTO GARCIA RAMIREZ
6373375867,2386.74,PAGONOM6QFEB,ALICIA SANCHEZ CORTES
6487343596,3666.02,PAGONOM6QFEB,JULIAN ALBERTO DIAZ TREJO
6374031816,2896.05,PAGONOM6QFEB,ABIGAIL ESPINOZA HERNANDEZ
6373360638,1004.54,PAGONOM6QFEB,ADRIANA VIRGINIA MORENO SANCHEZ
6373360653,3046.66,PAGONOM6QFEB,ALEJANDRO MENDEZ SALCEDO
6374031980,7628.97,PAGONOM6QFEB,ALFREDO GUERRERO GARCIA
6374032004,1369.87,PAGONOM6QFEB,JUANA RANGEL GONZALEZ
6502663250,2633.03,PAGONOM6QFEB,ROSA ZULEMA QUINTERO DE LA TORRE
6499252488,4521.5,PAGONOM6QFEB,LUIS ARTURO MARTINEZ PASCUAL
6499255366,2942.31,PAGONOM6QFEB,ISAIAS PALACIOS TORRES
6491419465,357.3,PAGONOM6QFEB,JORGE LUIS GARCIA X
6373298879,1058.82,PAGONOM6QFEB,MARIA VIRGINIA GARCIA MEDINA
6442973701,2942.31,PAGONOM6QFEB,DEYANIRA PADILLA GARCIA
6484212521,2725.55,PAGONOM6QFEB,JUANA ITZEL CRUZ HERNANDEZ
6474287277,2942.31,PAGONOM6QFEB,DANIEL ANTUNEZ GARCIA
6474291402,2942.31,PAGONOM6QFEB,JOSE ALFREDO MONDRAGON FLORES
6485898971,6488.04,PAGONOM6QFEB,CELSO PEREZ GALAN
6486141215,2696.65,PAGONOM6QFEB,EMMANUEL MARQUEZ ROMERO
6487352597,4050.09,PAGONOM6QFEB,LORENZO MORALES CORTEZ
6487348579,3448.82,PAGONOM6QFEB,LETICIA ESMERALDA TORRES GONZALEZ
6486139268,3268.88,PAGONOM6QFEB,JOSE GUADALUPE CASTRO LEYVA
6442684845,6488.04,PAGONOM6QFEB,MARIA PATRICIA SANCHEZ SANCHEZ
6456629181,2942.31,PAGONOM6QFEB,RICARDO CASTILLO CORTES
6358952839,2106.97,PAGONOM6QFEB,EDGAR MICHEL LEZAME HACH
6499223216,2942.31,PAGONOM6QFEB,DIANA GRACIELA MENDOZA ZAMORANO
6454039425,2423.74,PAGONOM6QFEB,ARMANDO OCANA MALDONADO
6400674549,4298.25,PAGONOM6QFEB,SALVADOR SANCHEZ RODRIGUEZ
6438308235,2380.24,PAGONOM6QFEB,ARTURO TORRES CHAVEZ
6499218190,2942.31,PAGONOM6QFEB,EDUARDO GEOVANI ARTEAGA RODRIGUEZ
6507264575,4431.1,PAGONOM6QFEB,MARTIN CORTINA MIRELES
6388251657,777.82,PAGONOM6QFEB,KARLA PATRICIA HERNANDEZ RODRIGUEZ
6507265309,1070.43,PAGONOM6QFEB,GUADALUPE SANCHEZ MIRELES
6438371274,2942.31,PAGONOM6QFEB,NUBIA JUDITH GUEVARA DE LA CRUZ
6373345043,3666.02,PAGONOM6QFEB,JUANA FERNANDEZ BAUTISTA
6452733201,6488.04,PAGONOM6QFEB,OSCAR PARRA SEDANO
6509269507,2942.31,PAGONOM6QFEB,RAQUEL PABLO RODRIGUEZ
6373980070,2942.31,PAGONOM6QFEB,BARBARITA CONCEPCION CASTILLO HERNA
6500100081,1683.8,PAGONOM6QFEB,FIDENCIA ARACELI GARCIA FRANCO
6494429073,5904.71,PAGONOM6QFEB,MARTHA PATRICIA DIAZ GARCIA
6457446577,3199.35,PAGONOM6QFEB,VERONICA GUADALUPE SALAZAR PEREZ
6432825176,2027.76,PAGONOM6QFEB,JUAN ANGEL CAZARES SANCHEZ
6454613559,3199.35,PAGONOM6QFEB,MARIA DEL CARMEN PUENTE SALAS
6495606877,3001.07,PAGONOM6QFEB,FRANCISCO MANUEL OVALLE HERNANDEZ
6497820906,2942.31,PAGONOM6QFEB,LESLI ALEJANDRA SILVA DANIEL
6454878053,1911.07,PAGONOM6QFEB,PETRA CONEJO BUCIO
6483288944,3448.82,PAGONOM6QFEB,LIZBETH CABALLERO CRUZ
6437941655,3759.39,PAGONOM6QFEB,GABRIELA RUIZ RUIZ
6498015563,1608.6,PAGONOM6QFEB,JULIA JIMENEZ MENDOZA
6513085899,6199.72,PAGONOM6QFEB,OCTAVIO CESAR RIVERA VICENCIO
6507228166,2942.31,PAGONOM6QFEB,MARIA DOLORES ROMERO MATEOS
6463862650,857.78,PAGONOM6QFEB,ROSA GASCA RIVADENEYRA
6373448078,1862.85,PAGONOM6QFEB,ANGEL LOPEZ LICONA
6374025297,2158.29,PAGONOM6QFEB,JOSEFINA ORTIZ RICANO
6374023904,2909.048,PAGONOM6QFEB,JOSE HUGO MALDONADO OLIVER
6456069370,3666.02,PAGONOM6QFEB,ROBERTO CAYETANO ESCAMILLA
6473436081,2032.05,PAGONOM6QFEB,MARIA ESTHER FERNANDEZ HERNANDEZ
6484046580,3533.28,PAGONOM6QFEB,FRANCISCO AVALOS SALOME
6484050574,1919.13,PAGONOM6QFEB,ARELI CASANOVA MONTEJO
6484048495,2942.31,PAGONOM6QFEB,IVETTE ADRIANA HERNANDEZ JERONIMO
6473440950,2870.52,PAGONOM6QFEB,FLOR DE MARIA GONZALEZ CRUZ
6473437725,2942.31,PAGONOM6QFEB,BLANCA ESTELA MAYO DOMINGUEZ
6484050111,2942.31,PAGONOM6QFEB,LILIANA GUATEMALA PALMA
6484054139,2942.31,PAGONOM6QFEB,SANTOS CECILIO MATEO MARTINEZ
6496411459,2725.55,PAGONOM6QFEB,ALEJANDRA YARELI VIDAL ARREOLA
6507414766,2075.46,PAGONOM6QFEB,GABRIELA GUADALUPE ROSADO AGUILAR
6490586975,5775.4,PAGONOM6QFEB,FABIAN ULISES PEREZ FIGUEROA
6508429292,2942.31,PAGONOM6QFEB,OSWALDO ALFONSO GALINDO LIERA
6478901956,2032.26,PAGONOM6QFEB,EMMANUEL REQUENA MEDINA
6478906385,3666.02,PAGONOM6QFEB,RUBY GUADALUPE ESTRADA TORRES
6373308587,2353.16,PAGONOM6QFEB,NUBIA JACQUELINE GARCIA OSUNA
6493355006,2942.31,PAGONOM6QFEB,DIANA LAURA ESCOBEDO BASTIDAS
6499203770,2942.31,PAGONOM6QFEB,MARIA GUADALUPE ENRIQUEZ GUTIERREZ
6373287534,1841.68,PAGONOM6QFEB,MARIA DE LOS ANGELES VALENZUELA ACU
6480910482,1982.75,PAGONOM6QFEB,REYNA DENISSE MARTINEZ PINA
6488577036,5723.92,PAGONOM6QFEB,ANA PAULINA GARCIA LEYVA
6505166749,3672.51,PAGONOM6QFEB,SAUL NIDO VASQUEZ
6435294545,2942.31,PAGONOM6QFEB,AMELLALY HERNANDEZ ZAPATA
6452542487,6488.04,PAGONOM6QFEB,LETICIA GONZALEZ MARTINEZ
6484527696,5188.17,PAGONOM6QFEB,ROSAURA VICENTA GOMEZ TAPIA
6502502367,2942.31,PAGONOM6QFEB,DULCE GRITEL LAZARO GUZMAN
6502505527,2942.31,PAGONOM6QFEB,ANAY YUCELMI LUJAN TORRALBA
6373356438,1554.17,PAGONOM6QFEB,ALEJANDRO MEDINA ROQUE
6435292325,2942.31,PAGONOM6QFEB,LEYDI YEDITH MENDEZ VASQUEZ
6436737047,3666.02,PAGONOM6QFEB,DIEGO JIMENEZ GUZMAN
6454600861,4521.5,PAGONOM6QFEB,AVISAEL LEYVA GOMEZ
6473497042,2942.31,PAGONOM6QFEB,JESUS ALEJANDRO GARCIA MENDEZ
6513156617,2942.31,PAGONOM6QFEB,JORGE ALBERTO SANTIAGO GIJON
6276432707,1439.35,PAGONOM6QFEB,WILIANS ZEMPOALTECATL MARTINEZ
6506438493,2942.31,PAGONOM6QFEB,VICTOR MENESES TLAPAYA
6373284549,1461.86,PAGONOM6QFEB,MA DE LOURDES MATA TORRES
6485903128,1655.59,PAGONOM6QFEB,JULIO CESAR SOTO GUADARRAMA
6499249344,5306.25,PAGONOM6QFEB,JESUS JAIMES VARELA
6440174955,2929.16,PAGONOM6QFEB,SERGIO ALEJANDRO AVILA MACIEL
6499255622,2892.31,PAGONOM6QFEB,LORENA PINA LOPEZ
6373357329,6488.04,PAGONOM6QFEB,YURINETH CRUZ JIMENEZ
6490380213,3581.1,PAGONOM6QFEB,EBER RAUL GUZMAN BLANCO
6490375445,2942.31,PAGONOM6QFEB,RAMIRO LOPEZ PINEDA
6505372099,2942.31,PAGONOM6QFEB,APOLINAR SOLORZA JIMENEZ
6505378377,2942.31,PAGONOM6QFEB,CLAUDIO PARADA DIAZ
6471059638,2942.31,PAGONOM6QFEB,SANDY ADILENE VARGAS MENCHACA
6504193520,6488.04,PAGONOM6QFEB,VICTOR HUGO VAZQUEZ SANCHEZ
6504199659,2226.98,PAGONOM6QFEB,ADRIANA BERENICE SAMBRANO SANCHEZ
6481818882,2942.31,PAGONOM6QFEB,SAMANTHA VIRIDIANA MUNOZ BECERRA
6480989353,5743.8,PAGONOM6QFEB,GLORIA ALONSO JASSO
6505125646,2453.27,PAGONOM6QFEB,MARIA DEL ROCIO CARRERA MADRIGAL
6373355869,4521.5,PAGONOM6QFEB,FACUNDO PRIMITIVO LOPEZ HERNANDEZ
6467714006,4909.73,PAGONOM6QFEB,JOVANY MILLAN CABANAS
6486701752,2942.31,PAGONOM6QFEB,MONICA RENDON FLORES
6486702248,2942.31,PAGONOM6QFEB,YENI ITZEL RODRIGUEZ JUAREZ
6486705613,2942.31,PAGONOM6QFEB,JULIA LOZANO HERNANDEZ
6504766630,3242.31,PAGONOM6QFEB,MIRIAM EUFRACIO BENAVIDES
6504766622,3242.31,PAGONOM6QFEB,GERARDO PEREZ CASTANEDA
6449111834,2942.31,PAGONOM6QFEB,FELICIA CUBA LEON
6485286581,5743.8,PAGONOM6QFEB,AMANDA GUZMAN MORENO
6485288504,2942.31,PAGONOM6QFEB,YANET RAMIREZ SANCHEZ
6500119750,2942.31,PAGONOM6QFEB,RACIEL LOPEZ ALONSO
6509898776,2942.31,PAGONOM6QFEB,DULCE MARIA RODRIGUEZ CASTILLO
6380845910,6252.83,PAGONOM6QFEB,ALFREDO AVILA VILLARREAL
6499217135,2942.31,PAGONOM6QFEB,SERGIO FELICIANO HERNANDEZ
6373453235,2834.81,PAGONOM6QFEB,YADIRA LETICIA IZAGUIRRE GUERRERO
6438342721,5538.25,PAGONOM6QFEB,JORGE RESENDEZ HERNANDEZ
6470288667,3666.1,PAGONOM6QFEB,GABINO PINA DEVEZA
6489321392,3666.02,PAGONOM6QFEB,JESSICA ESMERALDA RIVERA DEL ANGEL
6302860005,2942.31,PAGONOM6QFEB,MARIO ALBERTO QUINTERO MEDINA
6487461976,3079.49,PAGONOM6QFEB,MARGARITA CRUZ DEL ANGEL
6457966400,4990.76,PAGONOM6QFEB,PATRICIA AUDELIA LOPEZ OCHOA
6373310393,5743.8,PAGONOM6QFEB,FRUMENCIO CRUZ EUGENIO
6468525542,2942.31,PAGONOM6QFEB,MAIRA EVELYN MENDOZA DIAZ
6509429978,700.96,PAGONOM6QFEB,FRANCISCO JAVIER ARREGUIN FLORES
6501389857,589.77,PAGONOM6QFEB,JUAN ALBERTO MALDONADO RODRIGUEZ
6508403156,3242.31,PAGONOM6QFEB,SAYRA ANGELICA VELAZQUEZ MENDEZ
6478796299,2942.31,PAGONOM6QFEB,LAURA BERENICE REYNA ROSALES
6455306682,4718,PAGONOM6QFEB,JOSE ALBERTO ROCHA RAMIREZ
6465606030,425.07,PAGONOM6QFEB,ELVIRA MARISOL AVILA ALVAREZ
6492506252,3271.82,PAGONOM6QFEB,LUIS FELIPE PEREZ VAZQUEZ
6507268212,425.07,PAGONOM6QFEB,GUADALUPE ITZEL RAMIREZ MUNOZ
6496252234,3242.31,PAGONOM6QFEB,NELSON JONATHAN CAMPOS ALONSO
6506437909,2942.31,PAGONOM6QFEB,CESAR IVAN OSORIO FLORES
6442900324,425.07,PAGONOM6QFEB,GUSTAVO MORALES MARTINEZ
6483097329,2942.31,PAGONOM6QFEB,KARINA DE LA PAZ TORRES PUENTE
6481096422,6488.04,PAGONOM6QFEB,KARINA AMADA MOJICA ORTIZ
6481738999,3342.31,PAGONOM6QFEB,MAYRA ALEJANDRA PARADA VAZQUEZ
6510099802,1304.1,PAGONOM6QFEB,ELISA YAZMIN ARMENTA ROBLERO
6505141387,2942.31,PAGONOM6QFEB,HAYDEE BERNAL DE LOS SANTOS
6516752412,3431.92,PAGONOM6QFEB,MIGUEL ANGEL CONTRERAS PAVON
6500676940,2942.31,PAGONOM6QFEB,MARICELA PONCE SANTANA
6477298149,3337.09,PAGONOM6QFEB,ENRIQUE PONCE ARREDONDO
6490708314,1638.76,PAGONOM6QFEB,ANGELICA AGUILERA BELMAN
6458128257,7738.04,PAGONOM6QFEB,ALBERTO SOTO CAJICA
6373357667,3737.2,PAGONOM6QFEB,MARBELLA DIAZ MARTINEZ
6463305718,2942.31,PAGONOM6QFEB,CRUZ ELENA PEREZ INCLAN
6492557677,2942.31,PAGONOM6QFEB,DANIELA DOMINGUEZ GUTIERREZ
6373347437,6488.04,PAGONOM6QFEB,ANAYELI SOLANO GAYTAN
6472617079,2942.31,PAGONOM6QFEB,DIANA ALEJANDRA APARICIO SALAZAR
6513132949,2942.31,PAGONOM6QFEB,CARMITA HERNANDEZ CORTES
6373307738,6488.04,PAGONOM6QFEB,ROGELIO DIAZ RODRIGUEZ
6494460524,2081.32,PAGONOM6QFEB,ROSA MARIA GUZMAN RICHARD
6457442220,2942.31,PAGONOM6QFEB,LAURA RAQUEL ALEJO DEL ANGEL
6458088824,1463.31,PAGONOM6QFEB,MARIANA ALONSO ANTONIO
6514363766,2942.31,PAGONOM6QFEB,NESTOR HERNANDEZ ENRIQUEZ
6505047246,6488.04,PAGONOM6QFEB,GABRIEL IGNACIO TRINIDAD
6480473515,2942.31,PAGONOM6QFEB,TERESA ARACELI MAGANA RODRIGUEZ
6505043492,3242.31,PAGONOM6QFEB,JOSE ANTONIO LOPEZ HERNANDEZ
6483042614,3890.06,PAGONOM6QFEB,OMAR BLANCO CORTEZ
6468814946,750.69,PAGONOM6QFEB,RITA DEL CARMEN ORTIZ PEREZ
6431969736,3866.14,PAGONOM6QFEB,CANDELARIA GUERRERO HERNANDEZ
6467851725,2864.34,PAGONOM6QFEB,ERICK SALAS OLVERA
6467856989,4332.67,PAGONOM6QFEB,MARISELA GONZALEZ HERNANDEZ
6468819366,2942.31,PAGONOM6QFEB,KARLA LARISSA HERNANDEZ CORTEZ
6483049536,2892.31,PAGONOM6QFEB,MARBELLA MARTINEZ MARIN
6454680624,2942.31,PAGONOM6QFEB,JUAN FERNANDO CUANALO PEREZ
6485520666,2942.31,PAGONOM6QFEB,EDUARDO FRANCISCO HERAS GAYOSSO
6485520377,2842.21,PAGONOM6QFEB,MARIA ARACELI GONZALEZ ROMERO
6485490894,2942.31,PAGONOM6QFEB,RUBY DENNYS LOPEZ AGUILAR
6433098039,1719.35,PAGONOM6QFEB,FELIPE DE JESUS JACINTO RODRIGUEZ
6373976128,169.9,PAGONOM6QFEB,ALMA DELIA TALAVERA BERNAL
6373448482,2984.51,PAGONOM6QFEB,SONIA ALVARADO GONZALEZ
6373976201,6488.04,PAGONOM6QFEB,ROSALIO MARTINEZ AGUIRRE
6459193870,2892.31,PAGONOM6QFEB,MAYRA PATRICIA BAUTISTA ORTIZ
6516450819,2942.31,PAGONOM6QFEB,MIRIAM ISABEL GARCIA QUINTERO
6501500081,2942.31,PAGONOM6QFEB,RAUL BELTRAN SOLIS
6457967085,2516.49,PAGONOM6QFEB,ELENA JUDITH GALINDO HERNANDEZ
6509414343,2942.31,PAGONOM6QFEB,ELIZABETH GARCIA HERNANDEZ
6497749485,4521.5,PAGONOM6QFEB,ERIKA ADRIANA LIMON HERNANDEZ
6509410523,2942.31,PAGONOM6QFEB,SURI MIGUEL RODRIGUEZ MENDOZA
6505374160,6636,PAGONOM6QFEB,ERIKA SANTIAGO VASQUEZ
6482058595,3342.31,PAGONOM6QFEB,JOSUE CONDE PERDOMO
6482062779,2254.55,PAGONOM6QFEB,EDUARDO JUAREZ OLIVARES
6452723673,2172.67,PAGONOM6QFEB,JOSE ABRAHAM CAUICH UICAB
6465978561,2942.31,PAGONOM6QFEB,CINTHIA MARIBEL SIMA DURAN
6489692073,2942.31,PAGONOM6QFEB,YAMILI GISELA CHAN HERRERA
6489696199,2942.31,PAGONOM6QFEB,ERASMO EMANUEL LUNA SANCHEZ
6489696587,6488.04,PAGONOM6QFEB,MIGUEL ANGEL GOMEZ FELIX
6373450694,5407.12,PAGONOM6QFEB,RENE HERNANDEZ ROMERO
6358416835,4045.25,PAGONOM6QFEB,ANAHI SOBERANIZ LAZARO
6456982119,2942.31,PAGONOM6QFEB,ROSA HERNANDEZ CORONA
6504033999,2942.31,PAGONOM6QFEB,ARELI DOMINGUEZ JIMENEZ
6504036125,2942.31,PAGONOM6QFEB,ANA LUISA SOSA SAYAGO
6373376469,5239.92,PAGONOM6QFEB,JOSE EUSTAQUIO HUCHIM CAAMAL
6373376485,4036.41,PAGONOM6QFEB,MIGUEL ANGEL CHAN HAU
6373991705,1819.91,PAGONOM6QFEB,ESTEFANY YUACIM ROSADO HUCHIM
6456901762,3666.02,PAGONOM6QFEB,FERNANDO ALONSO TUN MENDEZ
6482994971,4199.34,PAGONOM6QFEB,LORENA MARISOL DZIB MAZUN
6482995440,2182.07,PAGONOM6QFEB,CARLOS JOSE PERERA POOL
6501597202,2942.31,PAGONOM6QFEB,KAROL JOSEF RIVERO CHAVEZ
6423281140,6488.04,PAGONOM6QFEB,JOSE JUAN PEREZ FLORES
6465750846,2942.31,PAGONOM6QFEB,MARIBEL MARIN HERNANDEZ
6503897709,2942.31,PAGONOM6QFEB,JOSAFAT YAIR MELO CHONG
6512211827,1442,PAGONOM6QFEB,DALICE ZUMAYA REYES
6374029166,6955.81,PAGONOM6QFEB,LEON SANCHEZ RODRIGUEZ
6484276112,2942.31,PAGONOM6QFEB,JOSE MIGUEL GUZMAN GALICIA
6484278522,3342.31,PAGONOM6QFEB,SALVADOR SANCHEZ NIEVES
6484617018,2942.31,PAGONOM6QFEB,ERENDIRA VERONICA FLORES VIVEROS
6512035671,2942.31,PAGONOM6QFEB,JUANA VARGAS HERNANDEZ
6481175523,5235.33,PAGONOM6QFEB,MARTHA LIZETH ALVARADO MARTINEZ
6502800530,2360.51,PAGONOM6QFEB,ROCIO LOPEZ BUSTOS
6502801611,425.07,PAGONOM6QFEB,BRENDA EDITH MALDONADO DE LA CRUZ
6492557644,2942.31,PAGONOM6QFEB,NAYIELI JOSEFINA HERNANDEZ SANTOS
6507753288,2942.31,PAGONOM6QFEB,LUIS ANGEL PIMENTEL BARTOLO
6373261448,4627.55,PAGONOM6QFEB,JOEL REYES CANO
6476634211,2475.64,PAGONOM6QFEB,REYNA LILIANA ALVARADO FLORES
6485359818,2449.83,PAGONOM6QFEB,JOSELINE NAYELI GONZALEZ LOPEZ
6481209397,2453.04,PAGONOM6QFEB,NOE ALEJANDRO DIAZ MENDOZA
6500171892,6488.04,PAGONOM6QFEB,JOSE MANUEL HUERTA CARMONA
6500175794,2942.31,PAGONOM6QFEB,JESUS ELIAS BRAN
6373294506,5351.1,PAGONOM6QFEB,ANA CRISTINA LOPEZ MAYA
6493952489,2942.31,PAGONOM6QFEB,JOSE CARMELO MAYORGA PONCE
6478605391,2906.26,PAGONOM6QFEB,MIGUEL ANGEL VARELA CRUZ
6509171935,2725.55,PAGONOM6QFEB,DEYANIRA GARCIA ALCAZAR
6475336974,2942.31,PAGONOM6QFEB,ALMA KAREN PEREZ TENOPALA
6460510856,3666.02,PAGONOM6QFEB,MARIANO ANTONIO GARRIDO PENA
6494913746,6488.04,PAGONOM6QFEB,ENRIQUE MANUEL GUZMAN BARRON
6499317075,2942.31,PAGONOM6QFEB,NOE GONZALEZ PALOMINO
6484412394,2942.31,PAGONOM6QFEB,KARINA HERNANDEZ GOMEZ
6484597293,6488.04,PAGONOM6QFEB,BULMARO JAVIER PEREZ ARRIAGA
6478453123,3342.31,PAGONOM6QFEB,NORMA ELIZABETH MUNOZ VARGAS
6484600220,2942.31,PAGONOM6QFEB,HERMILA NANCY AVENDANO LARA
6509185083,2942.31,PAGONOM6QFEB,GLORIA MORALES LOPEZ
6454322664,6488.04,PAGONOM6QFEB,KARLA BELEM GRAJALES GUTIERREZ
6509498932,2942.31,PAGONOM6QFEB,CIRILO GONZALEZ MORAN
6464502982,2942.31,PAGONOM6QFEB,MARTHA GUADALUPE NATAREN PRADO
6479598249,2942.31,PAGONOM6QFEB,MARISOL GUADALUPE ROMERO CRUZ
6474176355,3616.02,PAGONOM6QFEB,ROCIO KARINA BARRERA UGALDE
6493128023,2942.31,PAGONOM6QFEB,OSCAR OSORIO TORRES
6474176462,3666.02,PAGONOM6QFEB,ELIA OCAMPO HERNANDEZ
6387038923,6488.04,PAGONOM6QFEB,JOSE ANASTACIO ACOSTA CHABLE
6489325609,2942.31,PAGONOM6QFEB,WILLIAM MIGUEL CAUICH TUYUB
6494360468,6488.04,PAGONOM6QFEB,FRANCISCO XAVIER VARGAS HERNANDEZ
6450241785,2942.31,PAGONOM6QFEB,FRANCISCO JAVIER BAUTISTA VAZQUEZ
6494365400,2942.31,PAGONOM6QFEB,ZULEIMA ESTHER MARTINEZ CERVANTES
6474187063,1748.94,PAGONOM6QFEB,CAMILO EDUARDO REYES TRANQUILINO
6494361573,2032.43,PAGONOM6QFEB,MONICA TRINIDAD PECERO
6499185985,6488.04,PAGONOM6QFEB,MIGUEL OCTAVIO RODRIGUEZ ORTIZ
6492478908,2942.31,PAGONOM6QFEB,VERONICA SANTIAGO GOMEZ
6460399151,6488.04,PAGONOM6QFEB,LEOBARDO VILLANUEVA TOMATZIN
6486975646,2760.23,PAGONOM6QFEB,ROCIO ZAVALETA SANCHEZ
6501366251,2942.31,PAGONOM6QFEB,MISAEL SANCHEZ TAPIA
6501366814,2942.31,PAGONOM6QFEB,BEATRIZ NATALIA ARAUZ LOPEZ
6474293820,2942.31,PAGONOM6QFEB,ELIZABETH PEREZ PAZ
6511073236,2942.31,PAGONOM6QFEB,PAOLA ACOSTA NUNEZ
6500347658,2942.31,PAGONOM6QFEB,LUIS ANGEL SANCHEZ FONS
6503761251,3938.17,PAGONOM6QFEB,CHRISTIAN ARACELY HUCHIN CANUL
6503762465,2942.31,PAGONOM6QFEB,ALEJANDRA GUADALUPE VELUETA DOMINGU
6514624308,2942.31,PAGONOM6QFEB,ALEJANDRA GARCIA BETANCOURT
6452730371,3666.02,PAGONOM6QFEB,ELIA CANO GOMEZ
6391612044,1088.69,PAGONOM6QFEB,EDGAR DAVID KANTUN YAMA
6505345673,2942.31,PAGONOM6QFEB,EDGAR NICOLAS MENDEZ CRUZ
6498891492,4724.33,PAGONOM6QFEB,LAZARO ALEJANDRO VERGARA DOMINGUEZ
6498891948,2358.98,PAGONOM6QFEB,DANIA SIVEL MELLA ACOSTA
6514558456,1699.95,PAGONOM6QFEB,LILIA ALVARADO MARTINEZ
6497723597,2456.89,PAGONOM6QFEB,JOSE LUIS DOMINGUEZ MALDONADO
6296988274,2942.31,PAGONOM6QFEB,SERGIO ENRIQUE HERNANDEZ ACOPA
6489752554,2743.66,PAGONOM6QFEB,FRANCO GOMEZ GONZALEZ
6497723647,2942.31,PAGONOM6QFEB,NECTALI SANCHEZ VAZQUEZ
6399314502,5273.7,PAGONOM6QFEB,PABLO ANTONIO CERVANTES MENESES
6483048017,6488.04,PAGONOM6QFEB,CARLOS ALBERTO DOTTI GARCIA
6455717995,3666.1,PAGONOM6QFEB,BRENDA LETICIA GARCIA FLORES
6468868025,3448.82,PAGONOM6QFEB,RAQUEL HERNANDEZ DOMINGUEZ
6511031598,2942.31,PAGONOM6QFEB,JOSE HAGGI MALDONADO LOPEZ
6487372702,2339.91,PAGONOM6QFEB,DYDIER FERNANDEZ OSUNA
6373348872,1237.15,PAGONOM6QFEB,VIRGINIA SERRANO FAJARDO
6374028903,2854.91,PAGONOM6QFEB,LEISY ANAYELI SANCHEZ ELIONIDES
6452733896,2193.71,PAGONOM6QFEB,EURYDICE SANCHEZ DIAZ
6432751372,3792.08,PAGONOM6QFEB,MAURICIO CORTES PORTILLA
6479485421,3666.02,PAGONOM6QFEB,GAUDENCIO NAVA SANCHEZ
6486974136,2942.31,PAGONOM6QFEB,JORGE ASTUDILLO JIMENEZ
6373261893,2078.71,PAGONOM6QFEB,DENIA MIRELLA CRUZ PELAEZ
6494503901,627.86,PAGONOM6QFEB,ALFREDO HERNANDEZ SALMERON
6373988636,2590.8,PAGONOM6QFEB,YENNY PLACIDO AGUERO
6471395271,410.71,PAGONOM6QFEB,GIOVANNA VALERIA ROJAS HERNANDEZ
6479484341,2942.31,PAGONOM6QFEB,JAVIER REYES HERNANDEZ
6479484861,4521.5,PAGONOM6QFEB,JOSE ARMANDO GASPAR ROSENDO
6373306763,4311.21,PAGONOM6QFEB,NORMA SILVA SALAS
6373951030,5628.06,PAGONOM6QFEB,ABRAHAM DIAZ PEREZ
6506581581,1760.92,PAGONOM6QFEB,MARTIN BERMUDEZ CRUZ
6508632739,3242.31,PAGONOM6QFEB,FREDY TECOLAPA PEREZ
6494508546,3677.76,PAGONOM6QFEB,LUIS ALBERTO CORTES HERNANDEZ
6486967817,3666.1,PAGONOM6QFEB,JUAN LUIS BAUTISTA PASTOR
6508635468,2942.31,PAGONOM6QFEB,EDGAR RIOS SOLANO
6373293334,6488.04,PAGONOM6QFEB,DANIEL SOTO GALVAN
6373990640,4521.5,PAGONOM6QFEB,MARIA AIDE ESPEJEL EUGENIO
6470326095,2877.18,PAGONOM6QFEB,GUADALUPE CLATENCO LOPEZ
6480980576,3666.02,PAGONOM6QFEB,CAROLINA ROMO MOGOYAN
6491440362,2942.31,PAGONOM6QFEB,GUADALUPE MEDINA QUINTERO
6374011289,3666.02,PAGONOM6QFEB,ANDRES MARIANITO CATALAN
6486967320,2942.31,PAGONOM6QFEB,MARGARITA CASTRO PINTOR
6449131154,6488.04,PAGONOM6QFEB,OSCAR RAMIREZ QUIROZ
6502372902,2536.17,PAGONOM6QFEB,MARIA GUADALUPE FERRAL GOMEZ
6483022376,1479.62,PAGONOM6QFEB,CONCEPCION YADIRA CAMACHO SANJUAN
6490793175,2523.6,PAGONOM6QFEB,DIANA LAURA CANO LUMBRERAS
6373461501,3570.77,PAGONOM6QFEB,LORENA SALGADO RUIZ
6477622025,2942.31,PAGONOM6QFEB,JUAN REYES DELFIN COLI
6481061137,3448.82,PAGONOM6QFEB,ROSA STEFFANY ORTIZ GERMAN
6510877942,2942.31,PAGONOM6QFEB,MAYRA HERNANDEZ CANIZAL
6484224518,6488.04,PAGONOM6QFEB,JOSE MIGUEL BRAVO HERNANDEZ
6484373067,4033.29,PAGONOM6QFEB,CRISTIHAN DANIEL ROJAS HERNANDEZ
6491755629,2942.31,PAGONOM6QFEB,ALAN JOSUE GONZALEZ RIVAS
6401669126,2942.31,PAGONOM6QFEB,BERENICE CRUZ HERNANDEZ
6500543777,5714.01,PAGONOM6QFEB,LADY ESTEFANY GONZALEZ SANCHEZ
6443671452,5904.71,PAGONOM6QFEB,VERONICA GUTIERREZ SANCHEZ
6457155921,2937.82,PAGONOM6QFEB,ANA SALOME FERNANDEZ GUEVARA
6505416557,2942.31,PAGONOM6QFEB,ANDREA SARAHI BACA AGUILAR
6373448219,6650.74,PAGONOM6QFEB,SALOMON HERNANDEZ HERNANDEZ
6438777298,3642.31,PAGONOM6QFEB,LINDA YADIRA ROSAS GONZALEZ
6515170608,10526.44,PAGONOM6QFEB,JOSE ARMANDO HUERTA CERVANTES
6461048559,2942.31,PAGONOM6QFEB,MARIA DOLORES LOPEZ CRUZ
6462211891,2675.55,PAGONOM6QFEB,HERIBERTO SOLIS PEREZ
6489370761,2725.55,PAGONOM6QFEB,LUIS FERNANDO MARTINEZ LAGUNA
6493006633,2942.38,PAGONOM6QFEB,LUIS ENRIQUE CRUZ CRUZ
