MXPRLF,F,4064770902,21720.89,8,17022021,,PAGONOM1QFEB
000000006513092796,3179.81,PAGONOM1QFEB,JESSICA MARIELA ESTRADA LOPEZ
000000006442562777,1610.67,PAGONOM1QFEB,REYNA ARLETTE ROJAS CASTRO
000000006395006169,2466.51,PAGONOM1QFEB,ELBIA MARTINEZ MENDEZ
000000006482978719,3397.43,PAGONOM1QFEB,NORMA CASTELLANOS CORONEL
000000006462432463,1759.99,PAGONOM1QFEB,JUAN PABLO ACOSTA PEREZ
000000006455994230,2496.89,PAGONOM1QFEB,OSBEL CORTEZ VALERIO
000000006391377440,2562.17,PAGONOM1QFEB,MIGUEL ANGEL LAUREANO NAVARRO
000000006433770157,4247.42,PAGONOM1QFEB,OMAR AVELINO BUSTOS
